--
-- PostgreSQL database dump
--

-- Dumped from database version 16.1
-- Dumped by pg_dump version 16.1

SET statement_timeout = 0;
SET lock_timeout = 0;
SET idle_in_transaction_session_timeout = 0;
SET client_encoding = 'UTF8';
SET standard_conforming_strings = on;
SELECT pg_catalog.set_config('search_path', '', false);
SET check_function_bodies = false;
SET xmloption = content;
SET client_min_messages = warning;
SET row_security = off;

SET default_tablespace = '';

SET default_table_access_method = heap;

--
-- Name: contas; Type: TABLE; Schema: public; Owner: bai
--

CREATE TABLE public.contas (
    id uuid NOT NULL,
    bloqueada boolean DEFAULT false NOT NULL,
    data_criacao timestamp(6) without time zone NOT NULL,
    iban character varying(255) NOT NULL,
    numero_conta character varying(255) NOT NULL,
    saldo_contabilistico double precision NOT NULL,
    saldo_disponivel double precision NOT NULL,
    tipo_conta character varying(255) NOT NULL
);


ALTER TABLE public.contas OWNER TO bai;

--
-- Name: empresas; Type: TABLE; Schema: public; Owner: bai
--

CREATE TABLE public.empresas (
    id uuid NOT NULL,
    data_criacao timestamp(6) without time zone NOT NULL,
    nome character varying(255) NOT NULL,
    conta_id uuid NOT NULL,
    funcionario_id uuid NOT NULL,
    telefone_id uuid NOT NULL
);


ALTER TABLE public.empresas OWNER TO bai;

--
-- Name: funcionarios; Type: TABLE; Schema: public; Owner: bai
--

CREATE TABLE public.funcionarios (
    id uuid NOT NULL,
    bilhete_identidade character varying(255) NOT NULL,
    data_criacao timestamp(6) without time zone NOT NULL,
    data_nascimento date NOT NULL,
    email character varying(255) NOT NULL,
    foto_perfil character varying(255),
    genero character varying(255) NOT NULL,
    morada character varying(255) NOT NULL,
    nome character varying(255) NOT NULL,
    papel character varying(255) NOT NULL,
    senha character varying(255) NOT NULL,
    pais_id uuid NOT NULL
);


ALTER TABLE public.funcionarios OWNER TO bai;

--
-- Name: paises; Type: TABLE; Schema: public; Owner: bai
--

CREATE TABLE public.paises (
    id uuid NOT NULL,
    nome character varying(255) NOT NULL
);


ALTER TABLE public.paises OWNER TO bai;

--
-- Name: pessoas; Type: TABLE; Schema: public; Owner: bai
--

CREATE TABLE public.pessoas (
    id uuid NOT NULL,
    bilhete_identidade character varying(255) NOT NULL,
    data_criacao timestamp(6) without time zone NOT NULL,
    data_nascimento date NOT NULL,
    email character varying(255),
    foto_perfil character varying(255),
    genero character varying(255) NOT NULL,
    morada character varying(255) NOT NULL,
    nome character varying(255) NOT NULL,
    conta_id uuid NOT NULL,
    funcionario_id uuid NOT NULL,
    pais_id uuid NOT NULL,
    telefone_id uuid NOT NULL
);


ALTER TABLE public.pessoas OWNER TO bai;

--
-- Name: telefones; Type: TABLE; Schema: public; Owner: bai
--

CREATE TABLE public.telefones (
    id uuid NOT NULL,
    numero character varying(15) NOT NULL
);


ALTER TABLE public.telefones OWNER TO bai;

--
-- Name: telefones_funcionarios; Type: TABLE; Schema: public; Owner: bai
--

CREATE TABLE public.telefones_funcionarios (
    funcionario_id uuid NOT NULL,
    telefone_id uuid NOT NULL
);


ALTER TABLE public.telefones_funcionarios OWNER TO bai;

--
-- Name: tokens; Type: TABLE; Schema: public; Owner: bai
--

CREATE TABLE public.tokens (
    atualizacao text NOT NULL,
    acesso text NOT NULL,
    tipo character varying(255) NOT NULL,
    valido boolean DEFAULT true NOT NULL,
    funcionario_id uuid NOT NULL
);


ALTER TABLE public.tokens OWNER TO bai;

--
-- Data for Name: contas; Type: TABLE DATA; Schema: public; Owner: bai
--

COPY public.contas (id, bloqueada, data_criacao, iban, numero_conta, saldo_contabilistico, saldo_disponivel, tipo_conta) FROM stdin;
3aa789f8-4b28-4fb5-9721-ce40e02c7c2b	f	2024-02-05 02:31:59.00214	AO02000600005845547816696739	5845547816696739	5000	5000	Pessoal
1dba8d5b-532e-4020-af01-347986f1336d	f	2024-02-07 03:05:00.652176	AO02000600009878548489651463	9878548489651463	1000000	1000000	Empresarial
08175f33-af35-4462-b021-b96a79773823	f	2024-02-07 03:11:30.366978	AO02000600007447841849701861	7447841849701861	100000000	100000000	Empresarial
aea788b9-4ca1-4754-a423-556ee30ab406	f	2024-02-05 02:23:12.117334	AO02000600000090175075753453	0090175075753453	13110	13110	Pessoal
c96b0e3c-5710-4c8a-b092-4dd1c7e0b796	f	2024-02-05 02:30:45.41362	AO02000600006208185414257284	6208185414257284	12240	12240	Pessoal
\.


--
-- Data for Name: empresas; Type: TABLE DATA; Schema: public; Owner: bai
--

COPY public.empresas (id, data_criacao, nome, conta_id, funcionario_id, telefone_id) FROM stdin;
9afd74a1-d483-4fbb-bfdb-918e001db315	2024-02-07 03:05:00.652176	KERO	1dba8d5b-532e-4020-af01-347986f1336d	98ae8700-f264-4602-9840-c4785b7a225c	daf1cc72-9ab6-4e63-98f7-d9452ff8028b
1ad779aa-acfe-4969-bef0-c5e1556bcd86	2024-02-07 03:11:30.366978	Candando	08175f33-af35-4462-b021-b96a79773823	98ae8700-f264-4602-9840-c4785b7a225c	32d405d2-9ed7-40f8-988d-84e35d71c8bc
\.


--
-- Data for Name: funcionarios; Type: TABLE DATA; Schema: public; Owner: bai
--

COPY public.funcionarios (id, bilhete_identidade, data_criacao, data_nascimento, email, foto_perfil, genero, morada, nome, papel, senha, pais_id) FROM stdin;
98ae8700-f264-4602-9840-c4785b7a225c	005977492MO044	2024-02-04 00:46:20.0617	1998-06-22	manuelisaacialberto@gmail.com	ebba6c26-e579-456e-93f5-a5b9c351e7c9-1707003980039.jpg	Masculino	Rua 121 - Casa 121 - Bairro Moxicano - Viana - Luanda - Angola	Manuel Isaac	Gerente de Agência	$2a$10$Tojr2b76DQjHCdjWzwL2o.8A6USK3gd9r7JmwVypls0BVf/UL5.E2	61b1a0fe-cec9-4f42-b6a5-03b5c8edb811
\.


--
-- Data for Name: paises; Type: TABLE DATA; Schema: public; Owner: bai
--

COPY public.paises (id, nome) FROM stdin;
513cd6c4-3e5c-4576-aa1f-331305bd8ce8	Andorra
58a257ab-6b7e-4b85-afd4-7ee79d6e2a4b	Emirados Árabes Unidos
b586d643-e4db-4e81-9421-9f96307ca8dd	Afeganistão
00f98f44-c492-4510-aecc-a3b290f2eeab	Antígua e Barbuda
1bbaf836-30fe-455a-b182-48dc326c7552	Anguila
1eb955a4-80a5-4b4d-90cb-ae04d535306a	Albânia
121911c5-7d24-45c4-9d15-cf359ce708b9	Armênia
61b1a0fe-cec9-4f42-b6a5-03b5c8edb811	Angola
5a3fc7fc-f517-4c2e-a51f-1b6733c379aa	Antártica
90a6dad9-b9e6-48de-884d-0c0797bd3a3b	Argentina
05639f25-a23e-4832-a67b-de5c068646f6	Samoa Americana
1af530fa-a23c-44ef-a6a4-574396db4c3c	Áustria
853c785d-0232-419c-9403-d61bfdb18f94	Austrália
8f65bf79-58e2-4ea4-97ae-53a2ea50818d	Aruba
09e1b329-561d-4cb1-8525-ff3710148b56	Ilhas Alland
fb6d61cd-a1bd-439f-952f-69cf60940406	Azerbaijão
03cfc613-3284-4c16-87e3-2095d2edbd32	Bósnia e Herzegovina
2dbc66d2-185c-4c6e-86e6-2643611b2508	Barbados
26589609-9804-4c4e-9c9d-06e3a1344aca	Bangladesh
898b46cc-3cce-46cf-86f7-d6da281f370e	Bélgica
1ed01514-98e0-438b-8489-9ef523bd15b3	Burkina Faso
b27105d4-c06b-485a-bc23-682d88bf4df7	Bulgária
5db3ba10-a753-419f-810c-c6bd571bca91	Bahrein
0f8e662c-5501-4bb5-a5ff-b2f86dfc1b75	Burundi
e80d7a7c-3011-4821-804f-c8b2d027f70f	Benin
e122ff28-dcb3-4752-a8df-3ed0e9c102be	São Bartolomeu
fbc986a2-5c05-49f6-be97-bf7c5c5a0410	Bermudas
38cc6763-a06a-4326-9540-49fe9c6c3752	Brunei Darussalam
ab46c976-7556-4ee0-8637-a291c8a139e5	Bolívia
77c25882-c578-4618-9d58-6d6012be2451	Brasil
854a3caa-e87c-4d27-9774-eccd53c0fcf1	Bahamas
d02a556a-2b82-4eb1-8d5b-8d9fe5657121	Butão
c9907ac0-e095-4344-862b-3841156f3feb	Ilha Bouvet
f909623b-ca89-4cda-acd5-e51c6670c84c	Botsuana
3970a0d8-9e2a-47da-8688-9b6917b92714	Bielorrússia
c1183a8e-50df-4667-a7b4-74673700743f	Belize
de669496-1e3d-4112-b263-815ba8736dfd	Canadá
9e11bf15-5968-4b99-8e7c-09115e0b3e61	Ilhas Cocos (Keeling)
e1be72cc-7be4-410a-927f-0ae77d2a80ec	Congo, República Democrática do
da70bb9a-6351-4a87-abb8-126fd0ef79a9	República Centro-Africana
18db2267-a475-4d6c-accf-e4eb19507d50	Congo, República do
f212dbfd-9197-42a7-aec6-a657b06c7ab3	Suíça
e27c21fe-3208-4b07-b195-4c86265be716	Costa do Marfim
6dc4384e-2a3e-4b5e-842c-c7f9a5a2a59d	Ilhas Cook
c2f3462c-f095-428b-b039-5d65ee397dfe	Chile
a6e248a7-fbb9-4116-998e-9ef891dd389d	Camarões
d72ff0a2-80eb-4b58-96de-5af4dfce3db3	China
5913f04c-f606-43bd-81fd-fc09666a9908	Colômbia
fbc86467-dfc6-4794-a5d0-9430a0237aba	Costa Rica
81d75986-88ba-4e45-b2ed-ad6b8b7e53ad	Cuba
6832449e-f5c1-4382-8184-e600145b5bfc	Cabo Verde
f54be9c2-490a-4503-ac68-501917e1d0cd	Curacao
77e3a14c-70bd-4c3c-bac1-821bd29bbc6b	Ilha de Natal
3e20e688-ae6e-4415-b20a-fa9bae987d41	Chipre
5e224c99-9bde-4fde-82e3-84fcb88da577	República Tcheca
3f5b41df-a347-4b2c-9f40-0877464fc0c6	Alemanha
dff243fb-d3d1-4087-b942-910a5c1db2a5	Djibuti
0473d8ea-d0ab-42a2-8772-5a353619594c	Dinamarca
46725d4e-7185-41e3-88ea-99bacd039380	Dominica
91f94aa4-afad-4c48-b555-177bc43855dd	República Dominicana
3d4b104d-8b0b-4e97-89ea-65107f944502	Argélia
1edc6272-3791-4a05-86ec-ac0b985b3f87	Equador
8e0ec874-dc69-4d9b-a0ec-09bf37024cc2	Estônia
21efb024-29d8-49ca-9912-dd3a0a770535	Egito
cc6c96b0-e433-4717-a903-4eba83c367e0	Saara Ocidental
16fe3066-7191-49d7-8b98-d6976ef8d64c	Eritreia
2839da8d-7558-4f1a-bab4-d4efec4d406c	Espanha
9f834b0b-dffc-403a-b722-a81871a32376	Etiópia
11d68d8f-ad33-4ff3-a6a9-c029c97b714f	Finlândia
c91674b1-84f2-4773-8072-1f390d280fc0	Fiji
af041da5-055c-4ab7-98a3-8209f2a6fd8d	Ilhas Falkland (Malvinas)
5f144fc6-de7c-4571-a4b3-06742dfb9661	Micronésia, Estados Federados de
8dd0164a-5e76-425c-8a06-f1b5bd61e96e	Ilhas Faroé
74fe1b3d-db3e-49db-8a8c-0fd579e4470a	França
ad81d238-a38e-4226-80c0-376af8cc59f1	Gabão
cec88e44-fd27-4454-91c1-326cd70f6750	Reino Unido
0759a88f-0fc2-46db-bd96-d66fb8d9d89b	Grenada
a86119c7-9386-4b65-9ad2-c08fba1d9b7e	Geórgia
89919aaf-f5c9-45c2-831b-ac3d4bc7e0aa	Guiana Francesa
a56ef13e-ba0e-4099-8f09-4311bd0ae8c9	Guernsey
f274da10-f46e-4b13-b881-0624796afc03	Gana
6b343756-a1b6-42be-aa73-1ff0c6ee3713	Gibraltar
68a57d56-a7f4-4c97-bcad-18f795b167b1	Groenlândia
30218466-1d48-446f-a6a0-813b384092b4	Gâmbia
48ef6dae-5914-43da-9e50-2e63f5cf4952	Guiné
c14ee41f-dfd2-46f3-89e1-a2696a5eac7e	Guadalupe
354b4c74-8751-4147-833e-86c13aba4fe3	Guiné Equatorial
f722cb04-aee2-4765-ba94-37f4b142e114	Grécia
e7cf04b9-4ded-46c1-ab83-a52ea17ce457	Geórgia do Sul e Ilhas Sandwich do Sul
3929e7ae-c22c-4e42-adaa-3b55243b8c64	Guatemala
3a580ae6-37f9-458a-a2a7-437c1d8ae5fd	Guam
b418b342-9ee1-48f3-be1d-646a5a647dc4	Guiné-Bissau
aea770f3-cb9e-4242-84c6-5fa66bc745b6	Guiana
f1bd83d8-a94f-45fb-9393-773642ce61a9	Hong Kong
1bcef247-c22a-43e7-a16c-c55fc04e3066	Ilha Heard e Ilhas McDonald
fc323a22-ceb5-4e13-8ab2-dbd2a886ae39	Honduras
164e8671-44c8-4415-8656-9e9113053d71	Croácia
f07293ee-d58c-4477-98f7-4ee067d66e3e	Haiti
f585cc2d-7742-46ad-a995-26a3d4d630f5	Hungria
ea441dd9-8b0a-4c85-966e-1191635dc221	Indonésia
9d59d566-c168-4fa4-acd2-c83f714d1d65	Irlanda
3570e5f1-f2df-4284-8cc3-4c047d230aec	Israel
42535e38-f636-4d8e-a351-9a7a41a0c898	Ilha de Man
43de8e9b-35fb-418f-b1ab-1fce82487b66	Índia
29ffcbd9-68ec-4af4-8525-37aaa8ec9cf0	Território Britânico do Oceano Índico
f542b615-6f2b-4dfc-9bdf-c4f4d56e5dc7	Iraque
9192ccba-cc53-4947-9ad5-40112a6d61be	Irã, República Islâmica do
dc8cad94-44b6-4be6-b401-bb581ebc6217	Islândia
35c9ced2-5ff3-44f1-9744-e3e8460c4532	Itália
38c25b2b-d764-4951-8142-907896310386	Jersey
ab518bc4-28a8-41e5-bba1-1c32f948524c	Jamaica
da766a96-1b11-433d-a3c8-b98044c3ebea	Jordan
8598c71d-be30-4343-84bb-d834dd9816d7	Japão
d0005a48-d38e-4215-8b03-2ee24a96aeec	Quênia
31080e88-1c2a-4a83-9cc9-b475c1e84586	Quirguistão
063c1dae-7413-4065-9317-d0ae4af11bab	Camboja
d1309b5e-843a-486e-a2a8-bcac47ae5de0	Kiribati
9fd88592-41cc-45cb-8ff6-e680db4b05a4	Comores
05b18442-74a9-4414-92ee-9f4d4680c9c1	São Cristóvão e Nevis
237b2f88-6c3a-4c4c-9e74-955957356687	Coreia, República Popular Democrática da
197260c9-8c4d-4e8e-bab9-5fbd2be8d211	Coréia, República da
2680af6b-fd0f-4cb2-9bf1-510f7e2ed97d	Kuwait
bbc3b58e-91ee-497b-a634-183981f727b8	Ilhas Cayman
650b65d0-f47f-40a5-adf2-1bacb67f6487	Cazaquistão
d88673d9-a16f-4413-8147-9c1d9d130d3c	República Democrática Popular do Laos
970ff73e-ea5e-4a4f-ba47-ecc60b14cace	Líbano
239772b4-ca76-4397-b172-ed5e60ead7b0	Santa Lúcia
0b262a3f-f4e3-4227-bc9f-cdfa1978ce82	Liechtenstein
4614bfce-5135-47ba-bef4-0f59b61c11aa	Sri Lanka
979930af-fab7-4eca-9b13-d6a6c877fc56	Libéria
f5631b62-65f4-4b39-9890-70227c11f8bc	Lesoto
b2bd124b-f3ba-49c9-831d-9ef2e26e5235	Lituânia
e0163f90-38f7-442b-ab59-5d9a5ccdbd86	Luxemburgo
9dfc59d2-d7f2-4c05-9e64-37a55feb07fb	Letônia
c6ecd933-7eaa-43ef-bac6-8b697ccb9e26	Líbia
52277ed1-2164-4ebc-b4e2-1f3476d073d0	Marrocos
e8f1c7e6-0669-490f-8056-a341f7047520	Mônaco
cccf4581-6af7-4787-8386-f0b60824afde	Moldávia, República da
981a6d1d-cfa6-4c33-9708-9ee78593e4f5	Montenegro
f5b20df5-f4ff-4acb-bfc3-5c502e5236c4	Saint Martin (parte francesa)
d2f5a593-18d0-4b76-9bf7-20ce8be3b796	Madagascar
edcc9f77-a578-43a4-acd7-62d1e1d5d38b	Ilhas Marshall
d1e09e65-065e-4960-8201-3e85ce445e2a	Macedônia, Antiga República Iugoslava da
db636217-2664-4ca5-8b34-027ac7d3d5a7	Mali
81723572-2d75-410c-87b7-260f725bfbd1	Mianmar
3e25b7b2-c7bb-40f1-8c67-ad094f048e2b	Mongólia
a7179b02-5ef8-4688-85e0-6022379d44b0	Macau
ce7fa90f-e32d-4495-91b1-b1a032e4914b	Ilhas Marianas do Norte
8881af46-624d-4d95-9602-4e046cdd381a	Martinica
d3cc1994-1cf7-40b9-8044-273d1fb226d4	Mauritânia
a848a829-41e3-4bf9-947c-a09f1b40ba34	Montserrat
6b55df17-9afa-40fa-a86c-dd4b03f7f27f	Malta
50fdfa8d-e1b8-4536-86a0-dd91116a7250	Maurício
d96c23ac-88bd-4d6d-a25f-bc26920e2c36	Maldivas
a6328c4d-c0e2-44fa-aca8-d751c8ec06ae	Malauí
cdb38f0d-04bf-45b6-99a9-df1cac2dc784	México
c435e0d6-5dcf-4049-9b2c-ba5f5df6613e	Malásia
2623243d-8de9-462a-ab2b-01801ead69f8	Moçambique
3d1aa860-649e-4c90-a5b0-d839dbf279ff	Namíbia
6a7a28d1-508e-4100-b35c-6780c2ac7d99	Nova Caledônia
48a133ea-def3-464b-94b1-dae8601ef7f5	Níger
f40ac290-cc00-416b-b7de-8fb6d1807891	Ilha Norfolk
a0db1730-7b5f-4060-add6-7236369a397e	Nigéria
2037e2d5-6fcb-417d-905b-c90b6685f9cc	Nicarágua
a21ff459-f418-4143-910f-050a4997d5bb	Holanda
1936b2d6-da1e-4911-ad6f-a5cdbf52f94f	Noruega
3769547d-e520-45ff-a53c-f95d42641839	Nepal
12803bb6-bbd5-4623-aca4-e2ccdfce5561	Nauru
4fce970a-5eca-418d-b7d1-d75062ef3060	Niue
4c735725-eb13-4547-a0c2-d7ba741dfc4e	Nova Zelândia
85023bd0-eee3-49c1-9465-7996dd6c31f4	Omã
555c3509-9620-42c6-8c47-f18ddf41c348	Panamá
4dc0a356-515e-49bd-820f-a4cb59f9c4d5	Peru
ef3cf159-f249-42f3-8185-033e92adfefe	Polinésia Francesa
4fee395d-427e-4dbd-bad1-740cf4cef3c0	Papua Nova Guiné
ac4ca5ec-5d3f-4b14-9ce9-5accdc0fcd2b	Filipinas
fa0c6cb5-6e05-4e5f-9a26-5d38f0856d41	Paquistão
e957cd19-7efa-4a69-97cc-e26fa49de05e	Polônia
4a89adcf-3abb-4f19-a5c8-c1e8fb64e5be	São Pedro e Miquelon
e7087280-f6b0-4a41-9bb7-83ddb42a5034	Pitcairn
0e7094c3-c27a-430b-8a36-e031f028d467	Porto Rico
cebd50c8-b52c-419d-ad6a-1bef1536ba72	Palestina, Estado de
01206658-7f6e-4632-af1b-2bcf2fd43c12	Portugal
c88c854f-1032-4372-9a6d-609983e6c6b8	Palau
62580143-5464-4f3b-ab47-82f5b6286e21	Paraguai
86aa09ca-91d2-4b5a-81c9-efdfa801d87f	Qatar
542c2ab1-14ee-45b5-a2ce-5f5073c762a1	Reunião
8e00ffbb-4952-4eea-8d36-ca7aba6b7e1d	Romênia
5b400a3c-f483-4838-af30-a9be2af01587	Sérvia
b34993bc-e463-40c8-a8c4-95a3053f13e2	Federação Russa
b21361af-4122-4ddb-b759-0a8c484d8678	Ruanda
b61dee7d-22fb-488d-aef2-a98bc867be37	Arábia Saudita
8579ea47-5a52-4cfd-b96e-595964b6faf5	Ilhas Salomão
d81e55d4-a3d2-4646-82fa-97f34a497816	Seychelles
70362cdd-a137-47a7-ab52-1a7176e1f265	Sudão
ca91832b-085e-4f44-be09-f8ebc3c02168	Suécia
a0be5a77-9a58-453e-8e0e-bf6bf6c3c97d	Cingapura
da7e228c-ed0c-4c6b-b424-b2daa1f5ae31	Santa Helena
a83ba68a-c474-4a4b-8da7-be5fcd00efdc	Eslovênia
5d8c4130-cc51-4ece-be6a-a8648a1aa228	Svalbard e Jan Mayen
8187a6d6-0af8-497f-8fda-806c3492b980	Eslováquia
fdb08ea9-4a74-46f0-889c-bd664c710f6a	Serra Leoa
74eae4eb-9df9-4512-bdc2-44f232d8f223	San Marino
fa8a3722-7e13-4ff3-88f4-46540242960b	Senegal
f95dc998-f87f-48ad-ac8f-a43e498df904	Somália
aab2d5c9-e3f6-4b16-91b7-cd4bfaa07936	Suriname
20c105e5-3946-470f-9ba2-31515ad10f86	Sudão do Sul
029fa2a2-4eee-451c-9f13-81075f479304	São Tomé e Príncipe
2b2b1dc5-384f-459b-be73-82354bcdc70f	El Salvador
7052c4a7-4e07-4bd5-9111-58f0f3627773	Sint Maarten (parte holandesa)
d51e7ec8-38e4-4bbf-9403-ef557d2546ff	República Árabe Síria
dfbf9515-5510-46ee-af81-700761fe875b	Suazilândia
d2db8fac-099b-41cb-8542-08b5ca530011	Ilhas Turcas e Caicos
8259ccb5-abd6-4b7e-ba8f-bed9203849cf	Chade
46033d9e-5810-470d-9714-5335d1b80a83	Territórios Franceses do Sul
1fab6486-9d57-4d72-ae78-ea8bbf39ea0d	Togo
5ac84663-28d8-4a20-85cd-881f3f5ec43d	Tailândia
dc3ae2d2-c0ea-41e6-8a43-4d74daa7448a	Tajiquistão
5d0f307a-2e2f-4c63-9f67-3a39799f2f01	Tokelau
ba00088d-9632-478f-96ec-4749624f8c23	Timor-Leste
7400fe62-8cc2-43b8-a140-7145bd6b6054	Turquemenistão
65a77361-86d3-4f59-aede-206729708dd3	Tunísia
47f9b363-0624-4058-bfc1-8932bae4c841	Tonga
e925fbe8-0102-4a99-a3bf-dfca4f1329c7	Turquia
41942433-8d96-4153-80dd-6f275eab1662	Trinidad e Tobago
31a12672-03dc-45ed-bcdc-2efc17c85cb4	Tuvalu
d784d1aa-4e7f-46dd-9bf8-1a49284b941e	Taiwan, República da China
eecb6674-55e7-41b4-a9fb-51d3e97302de	República Unida da Tanzânia
f2e9e172-5bb5-46b4-91ce-2ad1472512ba	Ucrânia
c644ad9d-3fb9-4ca7-abeb-a9595178f5f9	Uganda
38482532-5027-419e-a830-20353428553b	Estados Unidos
bfd0bc61-e325-4d10-a352-797389ae2125	Uruguai
fad4bb79-15ad-4a57-a0b2-4ab7b6221ed2	Uzbequistão
f9717c63-a710-4fef-8632-88191278224f	Santa Sé (Estado da Cidade do Vaticano)
ffe02024-ad4c-40ac-b1b6-80f4860684eb	São Vicente e Granadinas
b2af9262-7874-4cad-a121-4ae69594651f	Venezuela
f50ce8ed-4d45-4001-8092-b461b61ef8e6	Ilhas Virgens Britânicas
bd99c18d-f275-49c4-8d43-e06102b49179	Ilhas Virgens Americanas
eae96278-9132-48c0-817c-ad09bf9fb578	Vietnã
f6497c70-08f7-49e8-af93-f3e37e88ce6c	Vanuatu
70ad265a-b2f8-4aa4-a5d1-d4a2a3f705a0	Wallis e Futuna
42cad84e-723d-46a6-bb2f-127f62f364d9	Samoa
2d5a7550-0d66-451d-ad90-a98bb1a35a2a	Kosovo
74a06b69-afb5-46e9-9b9e-dc337d1b6dcd	Iêmen
35f7d06b-6591-4b82-ba30-33b8d02c9eff	Mayotte
6e7a1a71-5673-4fe5-b741-3275c9171624	África do Sul
7492346a-2492-4be1-9e8f-f9db7f770d97	Zâmbia
b12516fe-e289-47e1-94c9-0118f9048ada	Zimbábue
\.


--
-- Data for Name: pessoas; Type: TABLE DATA; Schema: public; Owner: bai
--

COPY public.pessoas (id, bilhete_identidade, data_criacao, data_nascimento, email, foto_perfil, genero, morada, nome, conta_id, funcionario_id, pais_id, telefone_id) FROM stdin;
6aafeec1-8f69-47e8-b3b9-d5a08c6087e1	005977492MO222	2024-02-05 02:30:45.41362	2000-09-20	venaciochicala@gmail.com	\N	Masculino	Rua 121 - Casa 121 - Bairro Moxicano - Viana - Luanda - Angola	Venacio Chicala	c96b0e3c-5710-4c8a-b092-4dd1c7e0b796	98ae8700-f264-4602-9840-c4785b7a225c	61b1a0fe-cec9-4f42-b6a5-03b5c8edb811	37afbf8e-2c8d-4c2a-938e-20c9b05f6697
6d01b815-7d0e-4d1c-a162-0c0116ca6990	005977492MO333	2024-02-05 02:31:59.00214	2002-09-20	joaosardinha@gmail.com	\N	Masculino	Rua 121 - Casa 121 - Bairro Moxicano - Viana - Luanda - Angola	João Sardinha	3aa789f8-4b28-4fb5-9721-ce40e02c7c2b	98ae8700-f264-4602-9840-c4785b7a225c	61b1a0fe-cec9-4f42-b6a5-03b5c8edb811	f5a83c5c-db6a-44ed-bd1a-0aa7cc6d43e2
56643d5b-f399-49f8-b0c0-a183a6030a52	005977492MO044	2024-02-05 02:23:12.117334	2000-09-20	atorgodinho@gmail.com	f8219819-f8a5-4572-8d7c-0e94731aac0a-1707272525732.jpg	Masculino	Rua 121 - Casa 121 - Bairro Moxicano - Viana - Luanda - Angola	Ator Godinho	aea788b9-4ca1-4754-a423-556ee30ab406	98ae8700-f264-4602-9840-c4785b7a225c	61b1a0fe-cec9-4f42-b6a5-03b5c8edb811	3ed35108-65ec-4e43-bd1c-5f3bead856bf
\.


--
-- Data for Name: telefones; Type: TABLE DATA; Schema: public; Owner: bai
--

COPY public.telefones (id, numero) FROM stdin;
835852ea-a2f6-4673-8657-a4b6e78f7743	+244 934843856
3ed35108-65ec-4e43-bd1c-5f3bead856bf	+244 934843856
37afbf8e-2c8d-4c2a-938e-20c9b05f6697	+244 934781535
f5a83c5c-db6a-44ed-bd1a-0aa7cc6d43e2	+244 934765598
daf1cc72-9ab6-4e63-98f7-d9452ff8028b	+244 945231158
32d405d2-9ed7-40f8-988d-84e35d71c8bc	+244 945231238
b2750981-c4bb-48ec-aeb7-be195a6b13e4	+244 951103858
\.


--
-- Data for Name: telefones_funcionarios; Type: TABLE DATA; Schema: public; Owner: bai
--

COPY public.telefones_funcionarios (funcionario_id, telefone_id) FROM stdin;
98ae8700-f264-4602-9840-c4785b7a225c	835852ea-a2f6-4673-8657-a4b6e78f7743
98ae8700-f264-4602-9840-c4785b7a225c	b2750981-c4bb-48ec-aeb7-be195a6b13e4
\.


--
-- Data for Name: tokens; Type: TABLE DATA; Schema: public; Owner: bai
--

COPY public.tokens (atualizacao, acesso, tipo, valido, funcionario_id) FROM stdin;
eyJhbGciOiJIUzUxMiIsInR5cCI6IkpXVCJ9.eyJzdWIiOiI5OGFlODcwMC1mMjY0LTQ2MDItOTg0MC1jNDc4NWI3YTIyNWMiLCJleHAiOjE3MDc2OTQ3MjgsInBhcGVsIjoiR2VyZW50ZSBkZSBBZ8OqbmNpYSJ9.0JvQw2iD2J___shdhbLb7ZY3THLud37hI7mHx0KjrJCZAk5yHtQmeLNPKarh3uve9XyMMLOYwQCcH7ouyQyOSg	eyJhbGciOiJIUzUxMiIsInR5cCI6IkpXVCJ9.eyJzdWIiOiI5OGFlODcwMC1mMjY0LTQ2MDItOTg0MC1jNDc4NWI3YTIyNWMiLCJleHAiOjE3MDcxNzYzMjgsInBhcGVsIjoiR2VyZW50ZSBkZSBBZ8OqbmNpYSJ9.Kcl39yEUqag3CSNZYwJY1VDc8skQK_jLE7m55zVX84qdcbaaOyl6LmrgoU0h7k-jILaHRQQ9hYyAXeBQCWDh7Q	Bearer 	f	98ae8700-f264-4602-9840-c4785b7a225c
eyJhbGciOiJIUzUxMiIsInR5cCI6IkpXVCJ9.eyJzdWIiOiI5OGFlODcwMC1mMjY0LTQ2MDItOTg0MC1jNDc4NWI3YTIyNWMiLCJleHAiOjE3MDc4Njk2MDUsInBhcGVsIjoiR2VyZW50ZSBkZSBBZ8OqbmNpYSJ9.CnlEWCJNQMCOgeoPB6k3K9HRRZjtQKzHZFgYL2OXgCV3MTn3jjEKHQo6J25t2jwsrR40H4MskYlWzoJGWRW43A	eyJhbGciOiJIUzUxMiIsInR5cCI6IkpXVCJ9.eyJzdWIiOiI5OGFlODcwMC1mMjY0LTQ2MDItOTg0MC1jNDc4NWI3YTIyNWMiLCJleHAiOjE3MDczNTEyMDUsInBhcGVsIjoiR2VyZW50ZSBkZSBBZ8OqbmNpYSJ9.nd3c2PANd036VKD6o6CU64oWjXXE0ZGsqsYQklA5xJDsZOE_POpOgXtahB2YcwB_eHyCe8U3w5EMd-3KwkWoQg	Bearer 	f	98ae8700-f264-4602-9840-c4785b7a225c
eyJhbGciOiJIUzUxMiIsInR5cCI6IkpXVCJ9.eyJzdWIiOiI5OGFlODcwMC1mMjY0LTQ2MDItOTg0MC1jNDc4NWI3YTIyNWMiLCJleHAiOjE3MDc5NTAxNzYsInBhcGVsIjoiR2VyZW50ZSBkZSBBZ8OqbmNpYSJ9.Ajj25LfAMdZ_wldOApsG9UaGw_MjmePy3v43ZbrKme56Eosat4RkJxChoXPOCuL3NekDnE539fkbcG0zA_gyeQ	eyJhbGciOiJIUzUxMiIsInR5cCI6IkpXVCJ9.eyJzdWIiOiI5OGFlODcwMC1mMjY0LTQ2MDItOTg0MC1jNDc4NWI3YTIyNWMiLCJleHAiOjE3MDc0MzE3NzYsInBhcGVsIjoiR2VyZW50ZSBkZSBBZ8OqbmNpYSJ9.QZXZg2EOMnu9tCx2BqjCTLcbHnbwnUVeN2K7erUlpihW26dK6nXIlFj85kLkYGQoNnlmL4cnAWC4ogzJbd30PQ	Bearer 	f	98ae8700-f264-4602-9840-c4785b7a225c
eyJhbGciOiJIUzUxMiIsInR5cCI6IkpXVCJ9.eyJzdWIiOiI5OGFlODcwMC1mMjY0LTQ2MDItOTg0MC1jNDc4NWI3YTIyNWMiLCJleHAiOjE3MDc5NTQwNTQsInBhcGVsIjoiR2VyZW50ZSBkZSBBZ8OqbmNpYSJ9.CCGxe0XUqdZDs9Rxhy_QvBiuVz-t7RSwR1k7Yc3742p6P7IkPcBLbq3wdWma3KNCE0EeAHoZg3K_2sM6Wc-OIA	eyJhbGciOiJIUzUxMiIsInR5cCI6IkpXVCJ9.eyJzdWIiOiI5OGFlODcwMC1mMjY0LTQ2MDItOTg0MC1jNDc4NWI3YTIyNWMiLCJleHAiOjE3MDc0MzU2NTQsInBhcGVsIjoiR2VyZW50ZSBkZSBBZ8OqbmNpYSJ9.34YqytnyRR2QhPZnUgioIxgtkE__3HgjlN4a819uj2WmKLHzthqmPbExWlpqCA6-xk14-IGn_dzjqD37d3uRFw	Bearer 	f	98ae8700-f264-4602-9840-c4785b7a225c
eyJhbGciOiJIUzUxMiIsInR5cCI6IkpXVCJ9.eyJzdWIiOiI5OGFlODcwMC1mMjY0LTQ2MDItOTg0MC1jNDc4NWI3YTIyNWMiLCJleHAiOjE3MDc5ODY0ODMsInBhcGVsIjoiR2VyZW50ZSBkZSBBZ8OqbmNpYSJ9.BHum93kVH0KTNe5scPAJdOBdF70DiHpqGwGmULs5OAq30feZbAT8l7pqQqkwQ8GnLB0OmpJXJyohn-7B-4TNtg	eyJhbGciOiJIUzUxMiIsInR5cCI6IkpXVCJ9.eyJzdWIiOiI5OGFlODcwMC1mMjY0LTQ2MDItOTg0MC1jNDc4NWI3YTIyNWMiLCJleHAiOjE3MDc0NjgwODMsInBhcGVsIjoiR2VyZW50ZSBkZSBBZ8OqbmNpYSJ9.ykRBfFY2zsVNZQlq22zyQ-c9fMpy6AOThsUDB_SlYGCaE1MiF9ziCOUjsS0hcIQygL6sXHR_o3TupKHultE-Og	Bearer 	f	98ae8700-f264-4602-9840-c4785b7a225c
eyJhbGciOiJIUzUxMiIsInR5cCI6IkpXVCJ9.eyJzdWIiOiI5OGFlODcwMC1mMjY0LTQ2MDItOTg0MC1jNDc4NWI3YTIyNWMiLCJleHAiOjE3MDgwMTA3ODMsInBhcGVsIjoiR2VyZW50ZSBkZSBBZ8OqbmNpYSJ9.KtDXHQoZUrszqR_laF6xw9xN36q1ip02UXMnBEK5QvnaimMsDz7hJgYLkVoy635rAelg6uc5GiE9bio61PuXKQ	eyJhbGciOiJIUzUxMiIsInR5cCI6IkpXVCJ9.eyJzdWIiOiI5OGFlODcwMC1mMjY0LTQ2MDItOTg0MC1jNDc4NWI3YTIyNWMiLCJleHAiOjE3MDc0OTIzODMsInBhcGVsIjoiR2VyZW50ZSBkZSBBZ8OqbmNpYSJ9._L9dgITekFNqerRVX80tGV8NHhMv7hg2HfVJjLNblATHSwmJTZA94G1PPf3ifSq-8rHBPA-kkhl2-KyjPoiBRw	Bearer 	f	98ae8700-f264-4602-9840-c4785b7a225c
eyJhbGciOiJIUzUxMiIsInR5cCI6IkpXVCJ9.eyJzdWIiOiI5OGFlODcwMC1mMjY0LTQ2MDItOTg0MC1jNDc4NWI3YTIyNWMiLCJleHAiOjE3MDgwNjM0MDgsInBhcGVsIjoiR2VyZW50ZSBkZSBBZ8OqbmNpYSJ9.7pEImtCcH5pz3GntOBBPTk_p6zh4aEAmBk8oCO-TitBhuyiz_LU6mJUNCmWCO3PI6TKhsL-3aiKog4uYqR_S_Q	eyJhbGciOiJIUzUxMiIsInR5cCI6IkpXVCJ9.eyJzdWIiOiI5OGFlODcwMC1mMjY0LTQ2MDItOTg0MC1jNDc4NWI3YTIyNWMiLCJleHAiOjE3MDc1NDUwMDgsInBhcGVsIjoiR2VyZW50ZSBkZSBBZ8OqbmNpYSJ9.atDVuNrKk8XLkMlLkQbNNw20zrCTIVyA4YnP07ngMmfcegTVYFUzWp4n_WCT0bZPJ-2y0GwzJUovXVG4m9n1Eg	Bearer 	f	98ae8700-f264-4602-9840-c4785b7a225c
eyJhbGciOiJIUzUxMiIsInR5cCI6IkpXVCJ9.eyJzdWIiOiI5OGFlODcwMC1mMjY0LTQ2MDItOTg0MC1jNDc4NWI3YTIyNWMiLCJleHAiOjE3MDkzOTE1NTUsInBhcGVsIjoiR2VyZW50ZSBkZSBBZ8OqbmNpYSJ9.je4pkP0ycoMnBZqFChmxXQ65GzblkKEKhY189L3ODpH5U7S-uA0WebxwYuwThkfMqD0I96fdVeAdH_minxaeBg	eyJhbGciOiJIUzUxMiIsInR5cCI6IkpXVCJ9.eyJzdWIiOiI5OGFlODcwMC1mMjY0LTQ2MDItOTg0MC1jNDc4NWI3YTIyNWMiLCJleHAiOjE3MDg4NzMxNTUsInBhcGVsIjoiR2VyZW50ZSBkZSBBZ8OqbmNpYSJ9.aTxs4fcZw1S-7Q7xDNpRlBQ2YpmFbtAB2TQgXXefHOO0nlGfXg87Evp6bUTD4Jw4xzLyadZUvj11VhnnlLWDnA	Bearer 	f	98ae8700-f264-4602-9840-c4785b7a225c
eyJhbGciOiJIUzUxMiIsInR5cCI6IkpXVCJ9.eyJzdWIiOiI5OGFlODcwMC1mMjY0LTQ2MDItOTg0MC1jNDc4NWI3YTIyNWMiLCJleHAiOjE3MDk2MDU1MjIsInBhcGVsIjoiR2VyZW50ZSBkZSBBZ8OqbmNpYSJ9.QPGcCGI7PEvEq4an_2CpMlzAoo466JI0lSUAkiuioEkgrTKmAsoTViSb7rxAmapQpyk_w0JadwuImaj8IMuaBg	eyJhbGciOiJIUzUxMiIsInR5cCI6IkpXVCJ9.eyJzdWIiOiI5OGFlODcwMC1mMjY0LTQ2MDItOTg0MC1jNDc4NWI3YTIyNWMiLCJleHAiOjE3MDkwODcxMjIsInBhcGVsIjoiR2VyZW50ZSBkZSBBZ8OqbmNpYSJ9.ljGY87xBVEByh_NgQhARwObZ8-clt0YvyyVl09FSHbdPpEcNwJAbkXeds6jEtx6b0RbWpteelrYhszPam4BQYg	Bearer 	t	98ae8700-f264-4602-9840-c4785b7a225c
\.


--
-- Name: contas contas_pkey; Type: CONSTRAINT; Schema: public; Owner: bai
--

ALTER TABLE ONLY public.contas
    ADD CONSTRAINT contas_pkey PRIMARY KEY (id);


--
-- Name: empresas empresas_pkey; Type: CONSTRAINT; Schema: public; Owner: bai
--

ALTER TABLE ONLY public.empresas
    ADD CONSTRAINT empresas_pkey PRIMARY KEY (id);


--
-- Name: funcionarios funcionarios_pkey; Type: CONSTRAINT; Schema: public; Owner: bai
--

ALTER TABLE ONLY public.funcionarios
    ADD CONSTRAINT funcionarios_pkey PRIMARY KEY (id);


--
-- Name: paises paises_pkey; Type: CONSTRAINT; Schema: public; Owner: bai
--

ALTER TABLE ONLY public.paises
    ADD CONSTRAINT paises_pkey PRIMARY KEY (id);


--
-- Name: pessoas pessoas_pkey; Type: CONSTRAINT; Schema: public; Owner: bai
--

ALTER TABLE ONLY public.pessoas
    ADD CONSTRAINT pessoas_pkey PRIMARY KEY (id);


--
-- Name: telefones telefones_pkey; Type: CONSTRAINT; Schema: public; Owner: bai
--

ALTER TABLE ONLY public.telefones
    ADD CONSTRAINT telefones_pkey PRIMARY KEY (id);


--
-- Name: tokens tokens_pkey; Type: CONSTRAINT; Schema: public; Owner: bai
--

ALTER TABLE ONLY public.tokens
    ADD CONSTRAINT tokens_pkey PRIMARY KEY (atualizacao);


--
-- Name: telefones_funcionarios uk_49ke9jc2kcyj2jkhxlaf5tp0j; Type: CONSTRAINT; Schema: public; Owner: bai
--

ALTER TABLE ONLY public.telefones_funcionarios
    ADD CONSTRAINT uk_49ke9jc2kcyj2jkhxlaf5tp0j UNIQUE (telefone_id);


--
-- Name: empresas uk_empresas_nome; Type: CONSTRAINT; Schema: public; Owner: bai
--

ALTER TABLE ONLY public.empresas
    ADD CONSTRAINT uk_empresas_nome UNIQUE (nome);


--
-- Name: funcionarios uk_funcionarios_bilhete_identidade; Type: CONSTRAINT; Schema: public; Owner: bai
--

ALTER TABLE ONLY public.funcionarios
    ADD CONSTRAINT uk_funcionarios_bilhete_identidade UNIQUE (bilhete_identidade);


--
-- Name: funcionarios uk_funcionarios_email; Type: CONSTRAINT; Schema: public; Owner: bai
--

ALTER TABLE ONLY public.funcionarios
    ADD CONSTRAINT uk_funcionarios_email UNIQUE (email);


--
-- Name: empresas uk_hl3g7iymallxivwqwrqrslssv; Type: CONSTRAINT; Schema: public; Owner: bai
--

ALTER TABLE ONLY public.empresas
    ADD CONSTRAINT uk_hl3g7iymallxivwqwrqrslssv UNIQUE (telefone_id);


--
-- Name: empresas uk_n7qdp6srt49w0k8gn5eknefxp; Type: CONSTRAINT; Schema: public; Owner: bai
--

ALTER TABLE ONLY public.empresas
    ADD CONSTRAINT uk_n7qdp6srt49w0k8gn5eknefxp UNIQUE (conta_id);


--
-- Name: paises uk_paises_nome; Type: CONSTRAINT; Schema: public; Owner: bai
--

ALTER TABLE ONLY public.paises
    ADD CONSTRAINT uk_paises_nome UNIQUE (nome);


--
-- Name: pessoas uk_pessoas_bilhete_identidade; Type: CONSTRAINT; Schema: public; Owner: bai
--

ALTER TABLE ONLY public.pessoas
    ADD CONSTRAINT uk_pessoas_bilhete_identidade UNIQUE (bilhete_identidade);


--
-- Name: pessoas uk_pessoas_conta_id; Type: CONSTRAINT; Schema: public; Owner: bai
--

ALTER TABLE ONLY public.pessoas
    ADD CONSTRAINT uk_pessoas_conta_id UNIQUE (conta_id);


--
-- Name: pessoas uk_pessoas_email; Type: CONSTRAINT; Schema: public; Owner: bai
--

ALTER TABLE ONLY public.pessoas
    ADD CONSTRAINT uk_pessoas_email UNIQUE (email);


--
-- Name: pessoas uk_pessoas_telefone_id; Type: CONSTRAINT; Schema: public; Owner: bai
--

ALTER TABLE ONLY public.pessoas
    ADD CONSTRAINT uk_pessoas_telefone_id UNIQUE (telefone_id);


--
-- Name: telefones_funcionarios uk_telefones_funcionarios_funcionario_id_telefone_id; Type: CONSTRAINT; Schema: public; Owner: bai
--

ALTER TABLE ONLY public.telefones_funcionarios
    ADD CONSTRAINT uk_telefones_funcionarios_funcionario_id_telefone_id UNIQUE (funcionario_id, telefone_id);


--
-- Name: idx_empresas_nome; Type: INDEX; Schema: public; Owner: bai
--

CREATE INDEX idx_empresas_nome ON public.empresas USING btree (nome);


--
-- Name: idx_funcionarios_bilhete_identidade; Type: INDEX; Schema: public; Owner: bai
--

CREATE INDEX idx_funcionarios_bilhete_identidade ON public.funcionarios USING btree (bilhete_identidade);


--
-- Name: idx_funcionarios_email; Type: INDEX; Schema: public; Owner: bai
--

CREATE INDEX idx_funcionarios_email ON public.funcionarios USING btree (email);


--
-- Name: idx_funcionarios_nome; Type: INDEX; Schema: public; Owner: bai
--

CREATE INDEX idx_funcionarios_nome ON public.funcionarios USING btree (nome);


--
-- Name: idx_pessoas_bilhete_identidade; Type: INDEX; Schema: public; Owner: bai
--

CREATE INDEX idx_pessoas_bilhete_identidade ON public.pessoas USING btree (bilhete_identidade);


--
-- Name: idx_pessoas_email; Type: INDEX; Schema: public; Owner: bai
--

CREATE INDEX idx_pessoas_email ON public.pessoas USING btree (email);


--
-- Name: idx_pessoas_nome; Type: INDEX; Schema: public; Owner: bai
--

CREATE INDEX idx_pessoas_nome ON public.pessoas USING btree (nome);


--
-- Name: idx_telefones_funcionarios_funcionario_id; Type: INDEX; Schema: public; Owner: bai
--

CREATE INDEX idx_telefones_funcionarios_funcionario_id ON public.telefones_funcionarios USING btree (funcionario_id);


--
-- Name: empresas fk_empresas_contas; Type: FK CONSTRAINT; Schema: public; Owner: bai
--

ALTER TABLE ONLY public.empresas
    ADD CONSTRAINT fk_empresas_contas FOREIGN KEY (conta_id) REFERENCES public.contas(id);


--
-- Name: empresas fk_empresas_funcionarios; Type: FK CONSTRAINT; Schema: public; Owner: bai
--

ALTER TABLE ONLY public.empresas
    ADD CONSTRAINT fk_empresas_funcionarios FOREIGN KEY (funcionario_id) REFERENCES public.funcionarios(id);


--
-- Name: empresas fk_empresas_telefones; Type: FK CONSTRAINT; Schema: public; Owner: bai
--

ALTER TABLE ONLY public.empresas
    ADD CONSTRAINT fk_empresas_telefones FOREIGN KEY (telefone_id) REFERENCES public.telefones(id);


--
-- Name: funcionarios fk_funcionarios_paises; Type: FK CONSTRAINT; Schema: public; Owner: bai
--

ALTER TABLE ONLY public.funcionarios
    ADD CONSTRAINT fk_funcionarios_paises FOREIGN KEY (pais_id) REFERENCES public.paises(id);


--
-- Name: pessoas fk_pessoas_contas; Type: FK CONSTRAINT; Schema: public; Owner: bai
--

ALTER TABLE ONLY public.pessoas
    ADD CONSTRAINT fk_pessoas_contas FOREIGN KEY (conta_id) REFERENCES public.contas(id);


--
-- Name: pessoas fk_pessoas_funcionarios; Type: FK CONSTRAINT; Schema: public; Owner: bai
--

ALTER TABLE ONLY public.pessoas
    ADD CONSTRAINT fk_pessoas_funcionarios FOREIGN KEY (funcionario_id) REFERENCES public.funcionarios(id);


--
-- Name: pessoas fk_pessoas_paises; Type: FK CONSTRAINT; Schema: public; Owner: bai
--

ALTER TABLE ONLY public.pessoas
    ADD CONSTRAINT fk_pessoas_paises FOREIGN KEY (pais_id) REFERENCES public.paises(id);


--
-- Name: pessoas fk_pessoas_telefones; Type: FK CONSTRAINT; Schema: public; Owner: bai
--

ALTER TABLE ONLY public.pessoas
    ADD CONSTRAINT fk_pessoas_telefones FOREIGN KEY (telefone_id) REFERENCES public.telefones(id);


--
-- Name: telefones_funcionarios fk_telefones_funcionarios_funcionario; Type: FK CONSTRAINT; Schema: public; Owner: bai
--

ALTER TABLE ONLY public.telefones_funcionarios
    ADD CONSTRAINT fk_telefones_funcionarios_funcionario FOREIGN KEY (funcionario_id) REFERENCES public.funcionarios(id);


--
-- Name: telefones_funcionarios fk_telefones_funcionarios_telefone; Type: FK CONSTRAINT; Schema: public; Owner: bai
--

ALTER TABLE ONLY public.telefones_funcionarios
    ADD CONSTRAINT fk_telefones_funcionarios_telefone FOREIGN KEY (telefone_id) REFERENCES public.telefones(id);


--
-- Name: tokens fk_tokens_funcionarios; Type: FK CONSTRAINT; Schema: public; Owner: bai
--

ALTER TABLE ONLY public.tokens
    ADD CONSTRAINT fk_tokens_funcionarios FOREIGN KEY (funcionario_id) REFERENCES public.funcionarios(id) ON DELETE CASCADE;


--
-- PostgreSQL database dump complete
--

